Move,Digimon,Level
Glare Eye,Kuramon,1
Adhesive Bubble Blow,Pabumon,1
Adhesive Bubble Blow,Tanemon,1
Bubble Blow,Punimon,1
Bubble Blow,Botamon,1
Super Bubble Blow,Poyomon,1
Data Drain,Arcadiamon In-Tr.,1
Physical Drain,Arcadiamon In-Tr.,5
Physical Drain,Sangloupmon,25
Physical Drain,Devimon,18
Physical Drain,Bakemon,25
Physical Drain,Cherrymon,25
Physical Drain,SkullMeramon,25
Physical Drain,Datamon,25
Physical Drain,VenomMyotismon,50
Physical Drain,GranKuwagamon,20
Physical Drain,Beelzemon,35
Physical Drain,Apocalymon,35
Bubbles,Koromon,1
Bubbles,Tsunomon,1
Wolkenapalm I,Koromon,5
Wolkenapalm I,Agumon (Blk),6
Wolkenapalm I,Guilmon,6
Wolkenapalm I,Dracomon,6
Wolkenapalm I,Dorumon,6
Gaia Element I,Tanemon,5
Gaia Element I,Renamon,6
Comet Hammer I,Tsunomon,5
Comet Hammer I,Gotsumon,12
Comet Hammer I,Goblimon,6
Nail Scratch,Tsumemon,1
Destruction Cannon I,Tsumemon,5
Destruction Cannon I,Arcadiamon Rookie,12
Destruction Cannon I,Gazimon,6
Destruction Cannon I,Keramon,6
Destruction Cannon I,Dracmon,6
Destruction Cannon I,Sistermon Ciel,6
Bite,Tokomon,1
Heavy Strike I,Tokomon,5
Heavy Strike I,Agumon,6
Heavy Strike I,Zubamon,6
Heavy Strike I,Chuumon,6
Heavy Strike I,Dracomon,12
Heavy Strike I,Veemon,6
Heavy Strike I,Monodramon,6
Heavy Strike I,Shoutmon,6
Heavy Strike I,Ryudamon,6
Fox Tail,Nyaromon,1
Saint Knuckle I,Nyaromon,5
Saint Knuckle I,Kudamon,6
Poison Bubbles,Pagumon,1
Nightmare I,Pagumon,5
Nightmare I,Impmon,6
Soap Flower,Yokomon,1
Crescent Leaf I,Yokomon,5
Crescent Leaf I,Palmon,6
Crescent Leaf I,Mushroomon,12
Air Bubbles,Bukamon,1
Hydro Water I,Bukamon,5
Hydro Water I,Otamamon,6
Elastic Bubbles,Motimon,1
Power Energy I,Motimon,5
Power Energy I,ToyAgumon,6
Smile Fang,Wanyamon,1
Wind Claw I,Wanyamon,5
Wind Claw I,Veemon,12
Wind Claw I,Hawkmon,6
Pepper Breath,Agumon,1
Attack Charge,Agumon,12
Attack Charge,Guilmon,12
Attack Charge,Zubamon,12
Attack Charge,Monodramon,12
Attack Charge,Coredramon (Blue),10
Attack Charge,BaoHuckmon,10
Attack Charge,Meramon,10
Attack Charge,Leomon,18
Attack Charge,MetalGreymon,25
Attack Charge,ShineGreymon BM,20
Attack Charge,Ginryumon,18
Spitfire Blast,Agumon (Blk),1
Guard Charge,Agumon (Blk),12
Guard Charge,Gotsumon,6
Guard Charge,Guardromon,18
Guard Charge,ShellNumemon,25
Guard Charge,Geremon,18
Guard Charge,Dorugamon,18
Guard Charge,MetalTyrannomon,25
Soul Absorption,Arcadiamon Rookie,1
Diamond Shell,Armadillomon,1
Grand Rock I,Armadillomon,6
Grand Rock I,Gabumon (Blk),6
Grand Rock I,Lopmon,6
Shock,Armadillomon,12
Shock,Goblimon,12
Shock,Coredramon (Green),18
Shock,Tankmon,25
Shock,Nanimon,25
Shock,Raptordramon,25
Shock,Gigadramon,15
Shock,CatchMamemon,15
Shock,KaiserGreymon,50
Shock,Shoutmon,12
Summon,Impmon,1
Idle Bubble,Impmon,12
Idle Bubble,Gomamon,6
Idle Bubble,Lunamon,12
Idle Bubble,ShellNumemon,10
Idle Bubble,Clockmon,25
Idle Bubble,ShogunGekomon,25
Idle Bubble,MegaSeadramon,15
Idle Bubble,Neptunemon,35
Thunder Cloud,Elecmon,1
Thunder Cloud,Wizardmon,1
Heaven's Thunder I,Elecmon,6
Heaven's Thunder I,Hagurumon,12
Ripping Net,Elecmon,12
Ripping Net,Tentomon,12
Ripping Net,Gargomon,10
Ripping Net,Togemon,25
Ripping Net,Waspmon,25
Ripping Net,CatchMamemon,35
Ripping Net,Datamon,15
Ripping Net,MetalTyrannomon,15
Lullaby Bubble,Otamamon,1
Anti-Sleep,Otamamon,12
Anti-Sleep,Syakomon,12
Anti-Sleep,Gekomon,25
Anti-Sleep,SuperStarmon,25
Double Backhand,Gaomon,1
Anti-Stun,Gaomon,6
Anti-Stun,Gabumon,12
Anti-Stun,Ankylomon,18
Anti-Stun,MachGaogamon,25
Agility Charge,Gaomon,12
Agility Charge,Garurumon (Blk),25
Agility Charge,Bakemon,18
Agility Charge,Peckmon,18
Agility Charge,GrapLeomon,25
Agility Charge,Duramon,15
Agility Charge,Panjyamon,25
Electric Stun Blast,Gazimon,1
Panic Wisp,Gazimon,12
Panic Wisp,DemiDevimon,6
Panic Wisp,Kyubimon,18
Panic Wisp,Sukamon,10
Panic Wisp,CannonBeemon,45
Panic Wisp,Dragomon,15
Panic Wisp,Megadramon,15
Panic Wisp,Monzaemon,35
Panic Wisp,GranDracmon,35
Blue Blaster,Gabumon,1
Burst Flame I,Gabumon,6
Burst Flame I,ToyAgumon,12
Little Horn,Gabumon (Blk),1
Anti-Panic,Gabumon (Blk),12
Anti-Panic,Gomamon,12
Anti-Panic,Renamon,12
Anti-Panic,Seadramon,18
Anti-Panic,Knightmon,25
Rock Breaker,Guilmon,1
Blinding Ray,Kudamon,1
Holy Light I,Kudamon,12
Holy Light I,Solarmon,6
Holy Light I,Salamon,6
Holy Light I,Sistermon Blanc,12
Crazy Giggle,Keramon,1
Guard Break,Keramon,12
Guard Break,ShellNumemon,18
Guard Break,Kurisarimon,25
Guard Break,Strikedramon,18
Guard Break,Zudomon,25
Guard Break,WarGrowlmon,25
Rock Fist,Gotsumon,1
Goblin Strike,Goblimon,1
Marching Fishes,Gomamon,1
Black Pearl Blast,Syakomon,1
Ice Archery I,Syakomon,6
Ice Archery I,Betamon,6
Twenty Dive,Zubamon,1
Shiny Ring,Solarmon,1
Shining Laser I,Solarmon,12
Shining Laser I,Angemon,25
Shining Laser I,Reppamon,18
Shining Laser I,Angewomon,15
Shining Laser I,Grademon,35
Shining Laser I,Crescemon,35
Shining Laser I,Shakkoumon,15
Shining Laser I,SuperStarmon,15
Shining Laser I,Chirinmon,15
Shining Laser I,Piximon,15
Shining Laser I,HippoGryphonmon,25
Shining Laser I,MagnaAngemon,15
Cheese Bomb,Chuumon,1
Escape Dash,Chuumon,12
Escape Dash,Garurumon,25
Escape Dash,Peckmon,25
Escape Dash,Etemon,25
Escape Dash,Mamemon,25
Escape Dash,MetalMamemon,15
Escape Dash,PlatinumNumemon,20
Escape Dash,PrinceMamemon,35
Escape Dash,MetalEtemon,20
Terrier Tornado,Terriermon,1
Heal,Terriermon,6
Heal,Hackmon,6
Heal,Salamon,12
Heal,Lunamon,6
Heal,Ikkakumon,25
Heal,Clockmon,18
Heal,Pandamon,25
Heal,Sistermon Blanc,6
Speed Charge,Terriermon,12
Speed Charge,Falcomon,6
Speed Charge,Lobomon,10
Speed Charge,Garurumon,10
Speed Charge,Garurumon (Blk),10
Speed Charge,Dorugamon,25
Speed Charge,Unimon,18
Speed Charge,AeroVeedramon,25
Speed Charge,HippoGryphonmon,35
Speed Charge,Ginryumon,25
Super Shocker,Tentomon,1
Nanomachine Break I,Tentomon,6
Nanomachine Break I,Hagurumon,6
Nanomachine Break I,FanBeemon,6
Plastic Blaze,ToyAgumon,1
Eye of Nightmares,Dracmon,1
Destruction,Dracmon,12
Destruction,Arcadiamon Ultimate,15
Destruction,Infermon,25
Destruction,SkullGreymon,25
Destruction,Digitamamon,35
Destruction,Phantomon,25
Destruction,VenomMyotismon,35
Destruction,Gaiomon,20
Destruction,ChaosGallantmon,50
Destruction,Diaboromon,35
Destruction,Piedmon,20
Destruction,Chaosmon,35
Destruction,Apocalymon,20
Baby Breath,Dracomon,1
Metal Cannon,Dorumon,1
Critical Charge,Dorumon,12
Critical Charge,Ogremon,18
Critical Charge,Coredramon (Green),25
Critical Charge,Cyclonemon,10
Critical Charge,Zubaeagermon,25
Critical Charge,Turuiemon,18
Critical Charge,Silphymon,25
Critical Charge,MetalGreymon (Blue),25
Critical Charge,Darkdramon,20
Critical Charge,Ryudamon,12
Critical Charge,Hisyaryumon,65
Cog Crusher,Hagurumon,1
Air Shot,Patamon,1
Sonic Void I,Patamon,6
Sonic Void I,Biyomon,6
Sonic Void I,Hawkmon,12
Mental Charge,Patamon,12
Mental Charge,Biyomon,12
Mental Charge,Guardromon (Gold),18
Mental Charge,Kabuterimon,18
Mental Charge,Kyubimon,25
Mental Charge,Taomon,25
Fifth Rush,Hackmon,1
Wolkenapalm III,Hackmon,12
Wolkenapalm III,BurningGreymon,25
Wolkenapalm III,SkullMeramon,45
Wolkenapalm III,DoruGreymon,35
Wolkenapalm III,BlueMeramon,45
Wolkenapalm III,Volcanomon,45
Wolkenapalm III,WarGrowlmon,35
Wolkenapalm III,MetalGreymon,45
Wolkenapalm III,MetalGreymon (Blue),45
Wolkenapalm III,RizeGreymon,45
Wolkenapalm III,WarGreymon,35
Wolkenapalm III,Gaiomon,35
Wolkenapalm III,KaiserGreymon,20
Wolkenapalm III,Gankoomon,20
Wolkenapalm III,Goldramon,35
Wolkenapalm III,Dorugoramon,20
Wolkenapalm III,PileVolcamon,35
Wolkenapalm III,BlackWarGreymon,35
Wolkenapalm III,Beelzemon BM,50
Wolkenapalm III,Megidramon,35
Wolkenapalm III,Armageddemon,65
Wolkenapalm III,Flamedramon,25
Poison Ivy,Palmon,1
Anti-Poison,Palmon,12
Anti-Poison,Lalamon,12
Anti-Poison,Birdramon,18
Anti-Poison,Chirinmon,25
Demi Darts,DemiDevimon,1
Attack Break,DemiDevimon,12
Attack Break,Gekomon,18
Attack Break,Nanimon,18
Attack Break,Arcadiamon Ultimate,25
Attack Break,Cyberdramon,25
Attack Break,DoruGreymon,25
Spiral Twister,Biyomon,1
Ninja Blade,Falcomon,1
Anti-Paralysis,Falcomon,12
Anti-Paralysis,Betamon,12
Anti-Paralysis,Togemon,18
Anti-Paralysis,Antylamon,25
Gear Stringer,FanBeemon,1
Chain Plus,FanBeemon,12
Chain Plus,Growlmon,25
Chain Plus,Veedramon,18
Chain Plus,Andromon,15
Chain Plus,AeroVeedramon,15
Chain Plus,Volcanomon,15
Chain Plus,WarGrowlmon,15
Chain Plus,RizeGreymon,15
Veemon Headbutt,Veemon,1
Puppy Howl,Salamon,1
Electric Shock,Betamon,1
Feather Slash,Hawkmon,1
Fungus Crusher,Mushroomon,1
Venom Trap,Mushroomon,6
Venom Trap,Lalamon,6
Venom Trap,Wormmon,6
Venom Trap,Geremon,10
Venom Trap,Numemon,10
Venom Trap,Vegiemon,25
Venom Trap,Raremon,10
Venom Trap,Okuwamon,25
Venom Trap,Cyberdramon,15
Venom Trap,Vademon,15
Venom Trap,Armageddemon,35
Knuckle Beater,Monodramon,1
Seed Blast,Lalamon,1
Grand Cross,Lucemon,1
Revive,Lucemon,15
Revive,GoldNumemon,18
Revive,Gatomon,25
Revive,Angewomon,35
Revive,SaviorHuckmon,45
Revive,Chirinmon,35
Revive,MagnaAngemon,45
Revive,Gryphonmon,80
Revive,Jesmon,35
Revive,Justimon,65
Revive,Merukimon,50
Revive,Rosemon BM,50
Revive,Magnamon,35
Revive,Sistermon B (Awake.),40
Holy Light III,Lucemon,25
Holy Light III,Angewomon,45
Holy Light III,Shakkoumon,35
Holy Light III,Chirinmon,45
Holy Light III,Piximon,35
Holy Light III,MagnaAngemon,35
Holy Light III,Valkyrimon,20
Holy Light III,Varodurumon,20
Holy Light III,Ophanimon,65
Holy Light III,Kerpymon (Good),20
Holy Light III,Sakuyamon,65
Holy Light III,Seraphimon,20
Holy Light III,Magnadramon,35
Holy Light III,MirageGaogamon BM,50
Holy Light III,Imperialdramon PM,20
Holy Light III,Omnimon,80
Holy Light III,Chaosmon VA,50
Holy Light III,Sistermon B (Awake.),25
Shining Laser II,Lucemon,35
Shining Laser II,Lucemon FM,20
Shining Laser II,Ophanimon,20
Shining Laser II,Gryphonmon,35
Shining Laser II,Kerpymon (Good),50
Shining Laser II,Sakuyamon,35
Shining Laser II,Kentaurosmon,20
Shining Laser II,Seraphimon,35
Shining Laser II,Magnadramon,20
Shining Laser II,Rapidmon (Armor),35
X-Aura,Lucemon,45
X-Aura,Kerpymon (Good),35
X-Aura,Goldramon,50
X-Aura,Slayerdramon,65
X-Aura,Plesiomon,35
X-Aura,Magnadramon,65
X-Aura,Lotosmon,50
X-Aura,Omnimon NX,25
Tearing Shot,Lunamon,1
Diamond Storm,Renamon,1
Blazing Ice,Lopmon,1
Mental Break,Lopmon,12
Mental Break,Sukamon,18
Mental Break,PlatinumSukamon,18
Mental Break,BlueMeramon,25
Mental Break,MegaSeadramon,25
Sticky Net,Wormmon,1
Speed Break,Wormmon,12
Speed Break,Numemon,18
Speed Break,Vegiemon,18
Speed Break,MegaKabuterimon,25
Speed Break,Wingdramon,15
Speed Break,SkullMeramon,15
Speed Break,Hisyaryumon,35
Frozen Claw,IceDevimon,1
Ice Archery II,IceDevimon,10
Ice Archery II,Icemon,10
Ice Archery II,Ikkakumon,10
Ice Archery II,GaoGamon,25
Ice Archery II,Coelamon,10
Ice Archery II,Numemon,25
Ice Archery II,Frigimon,10
Ice Archery II,Lekismon,10
Spirit Drain,IceDevimon,18
Spirit Drain,Myotismon,25
Spirit Drain,Lucemon FM,50
Spirit Drain,LadyDevimon,25
Spirit Drain,Kerpymon (Blk),35
Spirit Drain,Barbamon,65
Spirit Drain,Lilithmon,35
Spirit Drain,Apocalymon,50
Hell Crusher I,IceDevimon,25
Hell Crusher I,Wizardmon,18
Hell Crusher I,Devimon,25
Hell Crusher I,Myotismon,15
Hell Crusher I,Etemon,15
Hell Crusher I,SkullSatamon,25
Hell Crusher I,Taomon,15
Hell Crusher I,Phantomon,15
Hell Crusher I,Vademon,25
Hell Crusher I,Matadormon,15
Hell Crusher I,LadyDevimon,15
Hell Crusher I,Wisemon,15
Hell Crusher I,Sistermon Ciel,12
Iceball Bomb,Icemon,1
Comet Hammer II,Icemon,18
Comet Hammer II,Ogremon,10
Comet Hammer II,Growlmon,18
Comet Hammer II,Coredramon (Green),10
Comet Hammer II,Golemon,18
Comet Hammer II,MudFrigimon,10
Comet Hammer II,Turuiemon,10
Comet Hammer II,Dorugamon,10
Comet Hammer II,Nanimon,10
Comet Hammer II,Monochromon,10
Comet Hammer II,Raptordramon,18
Comet Hammer II,Leomon,10
Ocean Wave I,Icemon,25
Ocean Wave I,Ikkakumon,18
Ocean Wave I,Frigimon,18
Ocean Wave I,Crescemon,15
Ocean Wave I,ShogunGekomon,15
Ocean Wave I,Panjyamon,15
Ocean Wave I,Piximon,25
Ocean Wave I,Whamon,15
Glide Horn,Aquilamon,1
Wind Claw II,Aquilamon,10
Wind Claw II,Coredramon (Blue),18
Wind Claw II,Stingmon,25
Wind Claw II,Veedramon,10
Wind Claw II,Peckmon,10
Wind Claw II,Arcadiamon Ultimate,35
Wind Claw II,Wingdramon,35
Wind Claw II,KendoGarurumon,15
Sonic Void II,Aquilamon,18
Sonic Void II,Wizardmon,25
Sonic Void II,Airdramon,10
Sonic Void II,GaoGamon,10
Sonic Void II,Unimon,10
Sonic Void II,HippoGryphonmon,15
Gale Storm I,Aquilamon,25
Gale Storm I,Airdramon,18
Gale Storm I,GaoGamon,18
Gale Storm I,Kuwagamon,25
Gale Storm I,Coredramon (Blue),25
Gale Storm I,Stingmon,18
Gale Storm I,Garudamon,25
Gale Storm I,KendoGarurumon,25
Gale Storm I,Silphymon,15
Gale Storm I,Zudomon,15
Gale Storm I,Crowmon,15
Pyro Punch,Agunimon,1
Wolkenapalm II,Agunimon,10
Wolkenapalm II,Airdramon,25
Wolkenapalm II,Growlmon,10
Wolkenapalm II,Greymon,10
Wolkenapalm II,Greymon (Blue),10
Wolkenapalm II,GeoGreymon,10
Wolkenapalm II,Tyrannomon,18
Wolkenapalm II,Meramon,18
Wolkenapalm II,Gigadramon,25
Wolkenapalm II,Triceramon,35
Wolkenapalm II,Megadramon,25
Wolkenapalm II,WereGarurumon (Blk),25
Meteor Fall I,Agunimon,18
Meteor Fall I,Greymon (Blue),18
Meteor Fall I,Golemon,25
Meteor Fall I,Strikedramon,10
Meteor Fall I,Birdramon,25
Meteor Fall I,Meteormon,25
Meteor Fall I,Garudamon,15
Meteor Fall I,CatchMamemon,25
Meteor Fall I,CannonBeemon,25
Meteor Fall I,SaviorHuckmon,15
Meteor Fall I,Pumpkinmon,25
Meteor Fall I,BlueMeramon,15
Meteor Fall I,Rapidmon,25
Meteor Fall I,WereGarurumon,25
Acceleration Boost,Agunimon,25
Acceleration Boost,Greymon,25
Acceleration Boost,Tyrannomon,10
Acceleration Boost,Monochromon,18
Acceleration Boost,BurningGreymon,15
Acceleration Boost,SkullGreymon,15
Acceleration Boost,Chaosdramon,35
Acceleration Boost,Gankoomon,35
Acceleration Boost,SaberLeomon,35
Acceleration Boost,ShineGreymon BM,65
Acceleration Boost,Justimon,35
Acceleration Boost,Darkdramon,35
Acceleration Boost,Dorugoramon,35
Acceleration Boost,BanchoLeomon,35
Acceleration Boost,Beelzemon BM,35
Acceleration Boost,Omnimon Zwart,50
Acceleration Boost,Flamedramon,10
Acceleration Boost,OmniShoutmon,20
Acceleration Boost,Ouryumon,35
Acceleration Boost,Sistermon C (Awake.),55
Acceleration Boost,Crusadermon NX,25
Acceleration Boost,Gallantmon NX,25
Prison Fist,Arcadiamon Champion,1
Destruction Cannon II,Arcadiamon Champion,10
Destruction Cannon II,Ogremon,25
Destruction Cannon II,Kurisarimon,10
Destruction Cannon II,Kuwagamon,18
Destruction Cannon II,Sangloupmon,10
Destruction Cannon II,Devimon,10
Destruction Cannon II,Infermon,15
Destruction Cannon II,MagnaGarurumon,35
Destruction Cannon II,MagnaGarurumon (SV),35
Destruction Cannon II,Megidramon,50
Heavy Strike II,Arcadiamon Champion,18
Heavy Strike II,Lobomon,25
Heavy Strike II,ExVeemon,10
Heavy Strike II,Greymon,18
Heavy Strike II,Coelamon,25
Heavy Strike II,GeoGreymon,18
Heavy Strike II,Starmon,10
Heavy Strike II,Zubaeagermon,18
Heavy Strike II,Tyrannomon,25
Heavy Strike II,BaoHuckmon,18
Heavy Strike II,Raptordramon,10
Heavy Strike II,Pandamon,35
Heavy Strike II,Ginryumon,10
Cross-Counter,Arcadiamon Champion,25
Cross-Counter,Cyclonemon,25
Cross-Counter,GeoGreymon,25
Cross-Counter,Lekismon,25
Cross-Counter,Groundramon,25
Cross-Counter,GrapLeomon,45
Cross-Counter,Dinobeemon,45
Cross-Counter,DoruGreymon,45
Cross-Counter,Paildramon,45
Cross-Counter,Matadormon,25
Cross-Counter,Justimon,50
Cross-Counter,Durandamon,50
Cross-Counter,PileVolcamon,50
Cross-Counter,Boltmon,35
Cross-Counter,Omnimon,35
Cross-Counter,Flamedramon,18
Cross-Counter,OmniShoutmon,35
Tail Hammer,Ankylomon,1
Grand Rock II,Ankylomon,10
Grand Rock II,Garurumon,18
Grand Rock II,Garurumon (Blk),18
Grand Rock II,BlackGatomon,18
Awesome Quake I,Ankylomon,25
Awesome Quake I,Golemon,10
Awesome Quake I,Cyclonemon,18
Awesome Quake I,MudFrigimon,25
Awesome Quake I,Monochromon,25
Awesome Quake I,Meteormon,15
Awesome Quake I,Groundramon,15
Awesome Quake I,Triceramon,15
Awesome Quake I,DoruGreymon,15
Awesome Quake I,Pumpkinmon,15
Awesome Quake I,Volcanomon,35
Awesome Quake I,Mamemon,15
Awesome Quake I,MetalGreymon (Blue),15
Awesome Quake I,WereGarurumon,15
Harpoon Torpedo,Ikkakumon,1
Nightmare II,Wizardmon,10
Nightmare II,Sangloupmon,18
Nightmare II,Sukamon,25
Nightmare II,Bakemon,10
Nightmare II,BlackGatomon,10
Zwei Sieger,Lobomon,1
Saint Knuckle II,Lobomon,18
Saint Knuckle II,Starmon,18
Saint Knuckle II,Veedramon,25
Saint Knuckle II,Leomon,25
Saint Knuckle II,Reppamon,10
Saint Knuckle II,Arcadiamon Ultimate,45
Saint Knuckle II,Duramon,25
Branch Drain,Woodmon,1
Gaia Element II,Woodmon,10
Gaia Element II,Sunflowmon,10
Gaia Element II,Hudiemon,10
Gaia Element II,Vegiemon,10
Crescent Leaf II,Woodmon,18
Crescent Leaf II,Kabuterimon,10
Crescent Leaf II,Kuwagamon,10
Crescent Leaf II,Stingmon,10
Crescent Leaf II,Togemon,10
Crescent Leaf II,Dinobeemon,15
Power Energy II,Woodmon,25
Power Energy II,Starmon,25
Power Energy II,BlackGatomon,25
Power Energy II,Lekismon,18
Spinning Needle,Airdramon,1
Vee Laser,ExVeemon,1
Mach Rush I,ExVeemon,18
Mach Rush I,Gargomon,25
Mach Rush I,Zubaeagermon,10
Mach Rush I,Turuiemon,25
Mach Rush I,Raremon,18
Mach Rush I,Antylamon,15
Mach Rush I,SuperStarmon,35
Mach Rush I,Digitamamon,15
Mach Rush I,Knightmon,15
Mach Rush I,Paildramon,15
Mach Rush I,Pandamon,15
Mach Rush I,Volcanomon,25
Mach Rush I,MetalGreymon,15
Mach Rush I,Monzaemon,15
Mach Rush I,WereGarurumon (Blk),15
Holy Light II,ExVeemon,25
Holy Light II,Angemon,10
Holy Light II,Sunflowmon,18
Holy Light II,Gatomon,10
Holy Light II,Unimon,25
Heaven's Knuckle,Angemon,1
X-Heal,Angemon,18
X-Heal,Sunflowmon,25
X-Heal,Socerimon,25
X-Heal,Piximon,45
X-Heal,Whamon,25
X-Heal,MagnaAngemon,25
X-Heal,Lillymon,25
X-Heal,Vikemon,35
X-Heal,Gallantmon,35
Pummel Whack,Ogremon,1
D-Grenade,Guardromon,1
D-Grenade,Guardromon (Gold),1
Nanomachine Break II,Guardromon,10
Nanomachine Break II,Kurisarimon,18
Nanomachine Break II,Geremon,25
Nanomachine Break II,Tankmon,10
Nanomachine Break II,Waspmon,10
Nanomachine Break II,Hisyaryumon,50
Heaven's Thunder II,Guardromon,25
Heaven's Thunder II,Guardromon (Gold),10
Heaven's Thunder II,Kabuterimon,25
Heaven's Thunder II,Clockmon,10
Thunder Fall I,Guardromon (Gold),25
Thunder Fall I,Gargomon,18
Thunder Fall I,Okuwamon,15
Thunder Fall I,CannonBeemon,15
Thunder Fall I,GrapLeomon,15
Thunder Fall I,Dinobeemon,25
Thunder Fall I,Paildramon,25
Thunder Fall I,MachGaogamon,15
Thunder Fall I,Crowmon,25
Thunder Fall I,Rapidmon,15
Thunder Fall I,Hisyaryumon,20
Spiral Blow,GaoGamon,1
Electro Shocker,Kabuterimon,1
Mature Poop,ShellNumemon,1
Dumdum Uppercut,Gargomon,1
Fox Fire,Garurumon,1
Freeze Fang,Garurumon (Blk),1
Will-o'-Wisp,Kyubimon,1
Burst Flame II,Kyubimon,10
Burst Flame II,Birdramon,10
Burst Flame II,Meramon,25
Exhaust Flame,Growlmon,1
Data Crusher,Kurisarimon,1
Mega Flame,Greymon,1
Bit Fire,Greymon (Blue),1
Hit Charge,Greymon (Blue),25
Hit Charge,Tankmon,18
Hit Charge,Waspmon,18
Hit Charge,Okuwamon,35
Hit Charge,Triceramon,25
Hit Charge,MetalMamemon,25
Hit Charge,RizeGreymon,25
Chrono Breaker,Clockmon,1
Scissor Claw,Kuwagamon,1
Symphony Crusher,Gekomon,1
Hydro Water II,Gekomon,10
Hydro Water II,Seadramon,10
Hydro Water II,Socerimon,10
Hydro Water II,Crescemon,25
Hydro Water II,Dragomon,35
Hyper Smell,Geremon,1
Blue Flare Breath,Coredramon (Blue),1
Green Flare Breath,Coredramon (Green),1
Golden Rush,GoldNumemon,1
Antidote,GoldNumemon,10
Antidote,BlackKingNumemon,15
Antidote,GroundLocomon,35
Texture Blow,GoldNumemon,25
Texture Blow,Pumpkinmon,45
Texture Blow,BlackKingNumemon,25
Texture Blow,Piedmon,65
Texture Blow,Ravemon BM,20
Crimson Curse,Golemon,1
Hyper Heat,Cyclonemon,1
Sticker Blade,Sangloupmon,1
Sunshine Beam,Sunflowmon,1
Ice Blast,Seadramon,1
Mirror Reflection,Seadramon,25
Mirror Reflection,Socerimon,18
Mirror Reflection,Etemon,35
Mirror Reflection,Garudamon,45
Mirror Reflection,Crowmon,45
Mirror Reflection,Wisemon,25
Mirror Reflection,TigerVespamon,65
Mirror Reflection,Dianamon,35
Mirror Reflection,Neptunemon,50
Mirror Reflection,MirageGaogamon,50
Mirror Reflection,Omnimon Zwart,35
Fossil Bite,Coelamon,1
Chain Minus,Coelamon,18
Chain Minus,BlackKingNumemon,35
Chain Minus,PrinceMamemon,20
Chain Minus,Belphemon SM,35
Chain Minus,Belphemon RM,35
Mega Burst,GeoGreymon,1
Poop,Sukamon,1
Meteor Shower,Starmon,1
Spiking Strike,Stingmon,1
Fang Strike,Strikedramon,1
Mach Rush II,Strikedramon,25
Mach Rush II,Antylamon,35
Mach Rush II,Infermon,35
Mach Rush II,Wingdramon,25
Mach Rush II,Duramon,45
Mach Rush II,Knightmon,45
Mach Rush II,Matadormon,35
Mach Rush II,WereGarurumon (Blk),45
Mach Rush II,Chaosdramon,20
Mach Rush II,Diaboromon,50
Mach Rush II,PileVolcamon,20
Mach Rush II,BlackWarGreymon,65
Mach Rush II,Minervamon,35
Mach Rush II,Machinedramon,20
Mach Rush II,RustTyranomon,20
Vantheon,Zubaeagermon,1
Crystal Cloud,Socerimon,1
Hyper Cannon,Tankmon,1
Great Weight,MudFrigimon,1
Aura,MudFrigimon,18
Aura,Gatomon,18
Aura,Hudiemon,25
Aura,Frigimon,25
Aura,Reppamon,25
Aura,Andromon,25
Aura,Angewomon,25
Aura,Lilamon,25
Aura,ShineGreymon,35
Aura,MagnaGarurumon,50
Aura,MagnaGarurumon (SV),50
Aura,MetalGarurumon,35
Aura,Ravemon,35
Fire Breath,Tyrannomon,1
Lightning Paw,Gatomon,1
Lightning Paw,BlackGatomon,1
Death Claw,Devimon,1
Ninja Claw,Turuiemon,1
Needle Spray,Togemon,1
Power Metal,Dorugamon,1
Poop Dunk,Nanimon,1
Poop Toss,Numemon,1
Meteor Wing,Birdramon,1
Fif Cross,BaoHuckmon,1
Meteor Fall II,BaoHuckmon,25
Meteor Fall II,BurningGreymon,45
Meteor Fall II,MetalGreymon,35
Meteor Fall II,MetalGreymon (Blue),35
Meteor Fall II,RizeGreymon,35
Meteor Fall II,WarGreymon,20
Meteor Fall II,Gaiomon,65
Meteor Fall II,Gankoomon,65
Meteor Fall II,TyrantKabuterimon,50
Meteor Fall II,Dynasmon,50
Meteor Fall II,PileVolcamon,65
Meteor Fall II,BlackWarGreymon,20
Meteor Fall II,Beelzemon,65
Meteor Fall II,Megidramon,20
Meteor Fall II,Examon,50
Death Charm,Bakemon,1
V-Nova Blast,Veedramon,1
Flying Kick,Hudiemon,1
Infinity Dream,Hudiemon,1
Rune Forest I,Hudiemon,18
Rune Forest I,MegaKabuterimon,15
Rune Forest I,Cherrymon,15
Rune Forest I,Digitamamon,25
Rune Forest I,Monzaemon,25
Rune Forest I,Lilamon,15
Rune Forest I,Lillymon,15
Rare Metal Poop,PlatinumSukamon,1
Anti-Bug,PlatinumSukamon,10
Anti-Bug,Grademon,15
Character Reversal,PlatinumSukamon,25
Character Reversal,Raremon,25
Character Reversal,SkullSatamon,15
Character Reversal,Vademon,35
Character Reversal,Ebemon,80
Character Reversal,Ravemon BM,50
Character Reversal,Arcadiamon Ultra,35
Character Reversal,Chaosmon,80
Character Reversal,Chaosmon VA,80
Character Reversal,Alphamon NX,25
Super Stinky Jet,Vegiemon,1
Kunai Wing,Peckmon,1
Burning Fist,Meramon,1
Volcanic Strike,Monochromon,1
Sub-zero Ice Punch,Frigimon,1
Holy Shot,Unimon,1
Ambush Crunch,Raptordramon,1
Sludge,Raremon,1
Fist of the Beast King,Leomon,1
Moon Night Bomb,Lekismon,1
Razor Wind,Reppamon,1
Turbo Stinger,Waspmon,1
Horn Buster,MegaKabuterimon,1
Gaia Element III,MegaKabuterimon,35
Gaia Element III,Lilamon,45
Gaia Element III,Lillymon,35
Gaia Element III,Vikemon,65
Gaia Element III,Craniamon,65
Gaia Element III,MegaGargomon,65
Gaia Element III,HerculesKabuterimon,20
Gaia Element III,Crusadermon,65
Gaia Element III,Rosemon,35
Gaia Element III,Lotosmon,35
Rune Forest II,MegaKabuterimon,45
Rune Forest II,Cherrymon,35
Rune Forest II,Lilamon,35
Rune Forest II,Lillymon,45
Rune Forest II,Puppetmon,65
Rune Forest II,HerculesKabuterimon,50
Rune Forest II,Rosemon,20
Rune Forest II,Lotosmon,20
Dot Matrix,Arcadiamon Ultimate,1
Dot Matrix,Arcadiamon Mega,1
Bunny Blades,Antylamon,1
Power Energy III,Antylamon,45
Power Energy III,Meteormon,45
Power Energy III,Datamon,45
Power Energy III,Alphamon,20
Power Energy III,HiAndromon,35
Power Energy III,PrinceMamemon,50
Power Energy III,Hououmon,50
Power Energy III,Leviamon,65
Spiral Sword,Andromon,1
Nanomachine Break III,Andromon,35
Nanomachine Break III,CatchMamemon,45
Nanomachine Break III,CannonBeemon,35
Nanomachine Break III,GrapLeomon,35
Nanomachine Break III,MetalTyrannomon,45
Nanomachine Break III,MetalMamemon,35
Nanomachine Break III,Rapidmon,45
Nanomachine Break III,Chaosdramon,50
Nanomachine Break III,Darkdramon,65
Nanomachine Break III,TigerVespamon,20
Nanomachine Break III,Brakedramon,50
Nanomachine Break III,Boltmon,20
Nanomachine Break III,Machinedramon,35
Nanomachine Break III,RustTyranomon,35
Nanomachine Break III,Ouryumon,50
Nanomachine Break III,Gallantmon NX,40
Sonic Void III,Andromon,45
Sonic Void III,Silphymon,35
Sonic Void III,HippoGryphonmon,45
Sonic Void III,Crowmon,35
Sonic Void III,Imperialdramon DM,65
Sonic Void III,Imperialdramon FM,65
Sonic Void III,MetalGarurumon,65
Sonic Void III,Merukimon,65
Sonic Void III,Ravemon,20
Sonic Void III,Gallantmon NX,90
Galactic Flare,Meteormon,1
Grand Rock III,Meteormon,35
Grand Rock III,Shakkoumon,45
Grand Rock III,Craniamon,20
Grand Rock III,Puppetmon,35
Grand Rock III,Belphemon SM,50
Grand Rock III,Leviamon,35
Grand Rock III,Belphemon RM,50
Grand Rock III,Gallantmon NX,55
Spider Shooter,Infermon,1
Destruction Cannon III,Infermon,45
Destruction Cannon III,Myotismon,45
Destruction Cannon III,Cyberdramon,45
Destruction Cannon III,SkullGreymon,35
Destruction Cannon III,SkullSatamon,35
Destruction Cannon III,Matadormon,45
Destruction Cannon III,Arcadiamon Mega,20
Destruction Cannon III,VenomMyotismon,20
Destruction Cannon III,ChaosGallantmon,20
Destruction Cannon III,Diaboromon,20
Destruction Cannon III,Beelzemon,20
Destruction Cannon III,Belphemon SM,20
Destruction Cannon III,Crusadermon,20
Destruction Cannon III,Alphamon Ouryuken,80
Destruction Cannon III,Omnimon Zwart,20
Destruction Cannon III,Chaosmon,50
Destruction Cannon III,Belphemon RM,20
Destruction Cannon III,Sistermon C (Awake.),40
Night Raid,Myotismon,1
Nightmare III,Myotismon,35
Nightmare III,Etemon,45
Nightmare III,SkullSatamon,45
Nightmare III,Taomon,35
Nightmare III,Phantomon,35
Nightmare III,BlackKingNumemon,45
Nightmare III,Vademon,45
Nightmare III,LadyDevimon,35
Nightmare III,Wisemon,45
Nightmare III,Kuzuhamon,20
Nightmare III,GranDracmon,20
Nightmare III,Kerpymon (Blk),20
Nightmare III,Dianamon,50
Nightmare III,Creepymon,20
Nightmare III,Barbamon,20
Nightmare III,Piedmon,50
Nightmare III,Lilithmon,50
Nightmare III,Lucemon SM,20
Nightmare III,Apocalymon,65
Blaze Sonic Breath,Wingdramon,1
Gale Storm II,Wingdramon,45
Gale Storm II,MachGaogamon,45
Gale Storm II,Megadramon,35
Gale Storm II,UlforceVeedramon,65
Gale Storm II,GranKuwagamon,50
Gale Storm II,SaberLeomon,50
Gale Storm II,Dynasmon,35
Gale Storm II,MirageGaogamon,20
Gale Storm II,Ravemon,50
Gale Storm II,Examon,35
Corona Blaster,BurningGreymon,1
Awesome Quake II,BurningGreymon,35
Awesome Quake II,Groundramon,45
Awesome Quake II,Mamemon,45
Awesome Quake II,WereGarurumon,45
Awesome Quake II,KaiserGreymon,65
Awesome Quake II,KingEtemon,20
Awesome Quake II,Craniamon,35
Awesome Quake II,ShineGreymon,50
Awesome Quake II,Titamon,20
Awesome Quake II,BanchoLeomon,20
Awesome Quake II,MetalEtemon,50
Awesome Quake II,Merukimon,20
Awesome Quake II,Magnamon,20
Dragon Impulse,AeroVeedramon,1
Wind Claw III,AeroVeedramon,35
Wind Claw III,Gigadramon,35
Wind Claw III,Silphymon,45
Wind Claw III,Dinobeemon,35
Wind Claw III,MachGaogamon,35
Wind Claw III,Megadramon,45
Wind Claw III,UlforceVeedramon,20
Wind Claw III,KaiserGreymon,35
Wind Claw III,Gryphonmon,20
Wind Claw III,SaberLeomon,20
Wind Claw III,Dynasmon,20
Wind Claw III,Beelzemon BM,20
Wind Claw III,MirageGaogamon,35
Wind Claw III,Merukimon,35
Wind Claw III,Examon,20
Wind Claw III,Ouryumon,20
Saint Knuckle III,AeroVeedramon,45
Saint Knuckle III,KendoGarurumon,35
Saint Knuckle III,Grademon,25
Saint Knuckle III,SuperStarmon,45
Saint Knuckle III,SaviorHuckmon,35
Saint Knuckle III,WarGrowlmon,45
Saint Knuckle III,Arcadiamon Mega,50
Saint Knuckle III,Goldramon,20
Saint Knuckle III,ShineGreymon,20
Saint Knuckle III,Justimon,20
Saint Knuckle III,Kentaurosmon,35
Saint Knuckle III,Gallantmon,20
Saint Knuckle III,Leopardmon,20
Saint Knuckle III,Leopardmon LM,20
Saint Knuckle III,MagnaGarurumon,20
Saint Knuckle III,MagnaGarurumon (SV),20
Saint Knuckle III,MirageGaogamon BM,20
Saint Knuckle III,Alphamon Ouryuken,65
Saint Knuckle III,Imperialdramon PM,50
Saint Knuckle III,Omnimon,20
Saint Knuckle III,Chaosmon,65
Saint Knuckle III,Chaosmon VA,65
Saint Knuckle III,Susanomon,20
Saint Knuckle III,Rapidmon (Armor),20
Love Serenade,Etemon,1
Celestial Arrow,Angewomon,1
Double Scissor Claw,Okuwamon,1
Crescent Leaf III,Okuwamon,45
Crescent Leaf III,Cherrymon,45
Crescent Leaf III,GranKuwagamon,35
Crescent Leaf III,TigerVespamon,50
Crescent Leaf III,Titamon,65
Crescent Leaf III,TyrantKabuterimon,20
Crescent Leaf III,Puppetmon,20
Crescent Leaf III,Minervamon,65
Crescent Leaf III,Gallantmon NX,70
Shadow Wing,Garudamon,1
Burst Flame III,Garudamon,35
Burst Flame III,BlueMeramon,35
Burst Flame III,MetalTyrannomon,35
Burst Flame III,MetalMamemon,45
Burst Flame III,Creepymon,65
Burst Flame III,Gallantmon,65
Burst Flame III,Barbamon,50
Burst Flame III,Hououmon,20
Speed Star,KendoGarurumon,1
Speed Charge Field,KendoGarurumon,45
Speed Charge Field,UlforceVeedramon,50
Speed Charge Field,Valkyrimon,50
Speed Charge Field,GranKuwagamon,80
Speed Charge Field,Gryphonmon,50
Speed Charge Field,Slayerdramon,50
Speed Charge Field,TigerVespamon,35
Speed Charge Field,TyrantKabuterimon,80
Speed Charge Field,Boltmon,50
Speed Charge Field,MirageGaogamon,65
Speed Charge Field,MetalGarurumon,50
Speed Charge Field,Ravemon,65
Speed Charge Field,Rapidmon (Armor),65
Speed Charge Field,OmniShoutmon,50
Speed Charge Field,Omnimon NX,40
Genocidal Gears,Gigadramon,1
Heaven's Thunder III,Gigadramon,45
Heaven's Thunder III,Datamon,35
Heaven's Thunder III,MegaSeadramon,45
Heaven's Thunder III,Ebemon,35
Heaven's Thunder III,GroundLocomon,20
Heaven's Thunder III,MegaGargomon,20
Heaven's Thunder III,HiAndromon,50
Heaven's Thunder III,MetalGarurumon (Blk),50
Heaven's Thunder III,MetalSeadramon,65
Miracle Bomb,CatchMamemon,1
Nitro Stinger,CannonBeemon,1
Scrapless Claw,Groundramon,1
Comet Hammer III,Groundramon,35
Comet Hammer III,Cyberdramon,35
Comet Hammer III,SkullGreymon,45
Comet Hammer III,SkullMeramon,35
Comet Hammer III,Triceramon,45
Comet Hammer III,Pandamon,45
Comet Hammer III,Pumpkinmon,35
Comet Hammer III,Mamemon,35
Comet Hammer III,WereGarurumon,35
Comet Hammer III,WereGarurumon (Blk),35
Comet Hammer III,KingEtemon,65
Comet Hammer III,Titamon,35
Comet Hammer III,Dorugoramon,50
Comet Hammer III,BanchoLeomon,50
Comet Hammer III,Beelzemon,50
Comet Hammer III,Magnamon,50
The King of Fists,GrapLeomon,1
Cross Blade,Grademon,1
Heavy Strike III,Grademon,45
Heavy Strike III,Digitamamon,45
Heavy Strike III,Duramon,35
Heavy Strike III,Knightmon,35
Heavy Strike III,Paildramon,35
Heavy Strike III,Monzaemon,45
Heavy Strike III,Imperialdramon DM,20
Heavy Strike III,Imperialdramon FM,20
Heavy Strike III,WarGreymon,65
Heavy Strike III,ShineGreymon BM,50
Heavy Strike III,Slayerdramon,20
Heavy Strike III,Durandamon,20
Heavy Strike III,Minervamon,20
Heavy Strike III,Arcadiamon Ultra,20
Heavy Strike III,Alphamon Ouryuken,20
Lunatic Dance,Crescemon,1
Ice Archery III,Crescemon,45
Ice Archery III,Zudomon,35
Ice Archery III,ShogunGekomon,45
Ice Archery III,Panjyamon,45
Ice Archery III,Whamon,45
Ice Archery III,Vikemon,20
Ice Archery III,GranDracmon,50
Ice Archery III,Neptunemon,20
Ice Archery III,MetalGarurumon,20
Ice Archery III,MetalGarurumon (Blk),35
Ice Archery III,Leviamon,20
Desolation Claw,Cyberdramon,1
Disaster Blaster,Shakkoumon,1
Dispel,Shakkoumon,25
Dispel,Dianamon,20
Dispel,MarineAngemon,50
Dispel,Susanomon,50
Dispel,Gallantmon CM,50
Dispel,Rapidmon (Armor),50
Cherry Bomb,Cherrymon,1
Top Gun,Silphymon,1
Superstar Uppercut,SuperStarmon,1
Oblivion Bird,SkullGreymon,1
Nail Bone,SkullSatamon,1
Vulcan's Hammer,Zudomon,1
Ocean Wave II,Zudomon,45
Ocean Wave II,Dragomon,25
Ocean Wave II,ShogunGekomon,35
Ocean Wave II,Neptunemon,65
Ocean Wave II,Plesiomon,20
Ocean Wave II,MarineAngemon,35
Ocean Wave II,MetalSeadramon,35
Trident Saber,SaviorHuckmon,1
Support End,SaviorHuckmon,25
Support End,Goldramon,65
Support End,Durandamon,35
Support End,Leopardmon,80
Support End,Leopardmon LM,80
Support End,Ravemon BM,80
Support End,Lotosmon,65
Support End,Chaosmon VA,35
Support End,Lucemon SM,80
Support End,Sistermon C (Awake.),70
Talisman of Light,Taomon,1
Hell Crusher II,Taomon,45
Hell Crusher II,Dragomon,45
Hell Crusher II,Phantomon,45
Hell Crusher II,Lucemon FM,35
Hell Crusher II,LadyDevimon,45
Hell Crusher II,Wisemon,35
Hell Crusher II,Kuzuhamon,35
Hell Crusher II,Kerpymon (Blk),50
Hell Crusher II,Barbamon,35
Hell Crusher II,Piedmon,35
Hell Crusher II,Lilithmon,20
Hell Crusher II,Crusadermon,35
Forbidden Trident,Dragomon,1
Wind Cutter Sword,Chirinmon,1
Hell Masquerade,Dinobeemon,1
Nightmare Syndrome,Digitamamon,1
Heavy Metal Fire,SkullMeramon,1
Blinded,Duramon,1
Musical Fist,ShogunGekomon,1
Tri-Horn Attack,Triceramon,1
Metal Meteor,DoruGreymon,1
Berserk Sword,Knightmon,1
Digital Bomb,Datamon,1
Death Parade Blaster,Paildramon,1
Fist of Ice,Panjyamon,1
Hydro Water III,Panjyamon,35
Hydro Water III,Whamon,35
Hydro Water III,MegaSeadramon,35
Hydro Water III,Alphamon,65
Hydro Water III,ChaosGallantmon,65
Hydro Water III,Neptunemon,80
Hydro Water III,Plesiomon,50
Hydro Water III,MarineAngemon,20
Hydro Water III,MetalSeadramon,20
Animal Nail,Pandamon,1
Trick or Treat,Pumpkinmon,1
Pit Bomb,Piximon,1
Heat Wave,HippoGryphonmon,1
Soul Chopper,Phantomon,1
Dark Pupil,BlackKingNumemon,1
Cold Flame,BlueMeramon,1
Unidentified Flying Kiss,Vademon,1
Tidal Wave,Whamon,1
Heaven's Gate,MagnaAngemon,1
Big Bang Voice,Volcanomon,1
Earth-Shattering Stomp,Matadormon,1
Winning Knuckle,MachGaogamon,1
Smile Bomber,Mamemon,1
Lightning Javelin,MegaSeadramon,1
Genocide Attack,Megadramon,1
Atomic Blaster,WarGrowlmon,1
Giga Destroyer,MetalGreymon,1
Revenge Flame,MetalGreymon (Blue),1
Nuclear Laser,MetalTyrannomon,1
Energy Bomb,MetalMamemon,1
Hearts Attack,Monzaemon,1
Savage Emperor,Crowmon,1
Trident Revolver,RizeGreymon,1
Lila Shower,Lilamon,1
Golden Triangle,Rapidmon,1
Golden Triangle,Rapidmon (Armor),1
Thunder Fall II,Rapidmon,35
Thunder Fall II,Ebemon,65
Thunder Fall II,Chaosdramon,65
Thunder Fall II,GroundLocomon,65
Thunder Fall II,MegaGargomon,50
Thunder Fall II,TyrantKabuterimon,35
Thunder Fall II,Creepymon,35
Thunder Fall II,HiAndromon,20
Thunder Fall II,Brakedramon,20
Thunder Fall II,HerculesKabuterimon,35
Thunder Fall II,MetalGarurumon (Blk),20
Flower Cannon,Lillymon,1
Dead or Alive,Lucemon FM,1
Hell Crusher III,Lucemon FM,65
Hell Crusher III,VenomMyotismon,80
Hell Crusher III,Kuzuhamon,80
Hell Crusher III,GranDracmon,80
Hell Crusher III,Kerpymon (Blk),65
Hell Crusher III,Creepymon,80
Hell Crusher III,Barbamon,80
Hell Crusher III,Piedmon,80
Hell Crusher III,Beelzemon,80
Hell Crusher III,Belphemon SM,80
Hell Crusher III,Mastemon,35
Hell Crusher III,Lilithmon,80
Hell Crusher III,Crusadermon,80
Hell Crusher III,Armageddemon,20
Hell Crusher III,Arcadiamon Ultra,80
Hell Crusher III,Omnimon Zwart,80
Hell Crusher III,Belphemon RM,80
Hell Crusher III,Lucemon SM,65
Hell Crusher III,Leopardmon NX,25
Shining Laser III,Lucemon FM,80
Shining Laser III,Varodurumon,65
Shining Laser III,Ophanimon,80
Shining Laser III,Kerpymon (Good),65
Shining Laser III,Kentaurosmon,50
Shining Laser III,Seraphimon,65
Shining Laser III,Leopardmon,50
Shining Laser III,Leopardmon LM,50
Shining Laser III,Magnadramon,80
Shining Laser III,Mastemon,20
Shining Laser III,MirageGaogamon BM,80
Shining Laser III,Susanomon,35
Shining Laser III,Gallantmon CM,20
Shining Laser III,Rapidmon (Armor),80
Shining Laser III,Sistermon B (Awake.),55
Shining Laser III,Alphamon NX,70
Darkness Wave,LadyDevimon,1
Wolf Claw,WereGarurumon,1
Full Moon Kick,WereGarurumon (Blk),1
Pandora Dialogue,Wisemon,1
Speed Break Field,Arcadiamon Mega,35
Speed Break Field,Alphamon,50
Speed Break Field,TyrantKabuterimon,65
Speed Break Field,Leopardmon,35
Speed Break Field,Leopardmon LM,35
Speed Break Field,PlatinumNumemon,80
Speed Break Field,Machinedramon,65
Speed Break Field,MetalGarurumon (Blk),65
Speed Break Field,RustTyranomon,65
Speed Break Field,Ravemon BM,35
Speed Break Field,Crusadermon,50
Mach Rush III,Arcadiamon Mega,65
Mach Rush III,Alphamon,80
Mach Rush III,Imperialdramon DM,80
Mach Rush III,Imperialdramon FM,80
Mach Rush III,KingEtemon,80
Mach Rush III,Jesmon,65
Mach Rush III,Durandamon,80
Mach Rush III,PileVolcamon,80
Mach Rush III,Minervamon,80
Mach Rush III,Armageddemon,50
Mach Rush III,Gallantmon CM,35
Mach Rush III,Lucemon SM,50
Mach Rush III,OmniShoutmon,80
Mach Rush III,Ouryumon,80
Mach Rush III,Apocalymon,80
Mach Rush III,Crusadermon NX,90
Chain Loss,Arcadiamon Mega,80
Chain Loss,Ebemon,50
Chain Loss,KingEtemon,50
Chain Loss,Kuzuhamon,65
Chain Loss,Megidramon,65
Chain Loss,MetalEtemon,65
Chain Loss,Omnimon Zwart,65
Blade of the Dragon King,Alphamon,1
Blade of the Dragon King,Alphamon NX,1
Soul Digitalization,Alphamon,1
Soul Digitalization,Alphamon NX,1
Mental Charge Field,Alphamon,35
Mental Charge Field,UlforceVeedramon,35
Mental Charge Field,Vikemon,50
Mental Charge Field,MegaGargomon,35
Mental Charge Field,PrinceMamemon,65
Mental Charge Field,HerculesKabuterimon,65
Mental Charge Field,Rosemon,65
Mental Charge Field,Imperialdramon PM,35
Mental Charge Field,Leopardmon NX,55
The Ray of Victory,UlforceVeedramon,1
Victory Sword,UlforceVeedramon,1
Gale Storm III,UlforceVeedramon,80
Gale Storm III,Valkyrimon,65
Gale Storm III,Gryphonmon,65
Gale Storm III,SaberLeomon,80
Gale Storm III,Slayerdramon,80
Gale Storm III,Dynasmon,80
Gale Storm III,MirageGaogamon,80
Gale Storm III,Merukimon,80
Gale Storm III,Ravemon,80
Gale Storm III,Examon,80
Brain Rupture,Ebemon,1
Attack Break Field,Ebemon,20
Attack Break Field,GranKuwagamon,65
Attack Break Field,ShineGreymon BM,35
Attack Break Field,Dynasmon,65
Attack Break Field,PlatinumNumemon,35
Attack Break Field,Boltmon,65
Attack Break Field,MirageGaogamon BM,35
Attack Break Field,MetalSeadramon,50
Attack Break Field,Lilithmon,65
Attack Break Field,Examon,65
Attack Break Field,Alphamon NX,55
Megadeath,Imperialdramon DM,1
Attack Charge Field,Imperialdramon DM,35
Attack Charge Field,Imperialdramon FM,35
Attack Charge Field,WarGreymon,50
Attack Charge Field,Gankoomon,50
Attack Charge Field,KingEtemon,35
Attack Charge Field,Jesmon,50
Attack Charge Field,Slayerdramon,35
Attack Charge Field,Durandamon,65
Attack Charge Field,Dorugoramon,65
Attack Charge Field,BanchoLeomon,65
Attack Charge Field,Beelzemon BM,65
Attack Charge Field,Machinedramon,50
Attack Charge Field,Omnimon,50
Attack Charge Field,Ouryumon,65
Attack Charge Field,Sistermon C (Awake.),25
Attack Charge Field,Leopardmon NX,40
Meteor Fall III,Imperialdramon DM,50
Meteor Fall III,Imperialdramon FM,50
Meteor Fall III,WarGreymon,80
Meteor Fall III,Gaiomon,80
Meteor Fall III,KaiserGreymon,80
Meteor Fall III,Gankoomon,80
Meteor Fall III,Jesmon,80
Meteor Fall III,ShineGreymon,80
Meteor Fall III,Diaboromon,80
Meteor Fall III,Gallantmon,80
Meteor Fall III,Dorugoramon,80
Meteor Fall III,BlackWarGreymon,80
Meteor Fall III,Beelzemon BM,80
Meteor Fall III,Megidramon,80
Meteor Fall III,OmniShoutmon,65
Meteor Fall III,Crusadermon NX,40
Positron Laser,Imperialdramon FM,1
Arctic Blizzard,Vikemon,1
Ocean Wave III,Vikemon,80
Ocean Wave III,ChaosGallantmon,80
Ocean Wave III,Dianamon,80
Ocean Wave III,Plesiomon,80
Ocean Wave III,MetalGarurumon,80
Ocean Wave III,MetalSeadramon,80
Ocean Wave III,Leviamon,80
Ocean Wave III,Leopardmon NX,90
Fenrir Sword,Valkyrimon,1
Final Heal,Valkyrimon,35
Final Heal,Sakuyamon,50
Final Heal,Kentaurosmon,80
Final Heal,Seraphimon,50
Final Heal,PrinceMamemon,80
Final Heal,Hououmon,65
Final Heal,Rosemon BM,20
Final Heal,Gallantmon CM,80
Final Heal,Leopardmon NX,70
Perfect Revival,Valkyrimon,80
Perfect Revival,Varodurumon,80
Perfect Revival,Ophanimon,35
Perfect Revival,Seraphimon,80
Perfect Revival,Magnadramon,50
Perfect Revival,Rosemon BM,80
Perfect Revival,Imperialdramon PM,80
Perfect Revival,Susanomon,80
Perfect Revival,Sistermon B (Awake.),90
Perfect Revival,Omnimon NX,90
Aurora Undulation,Varodurumon,1
Safety Guard,Varodurumon,35
Safety Guard,Kerpymon (Good),80
Safety Guard,Hououmon,80
Safety Guard,Mastemon,80
Safety Guard,MarineAngemon,80
Safety Guard,Rosemon BM,65
Safety Guard,Chaosmon,20
Safety Guard,Chaosmon VA,20
Safety Guard,Sistermon B (Awake.),70
Safety Guard,Omnimon NX,70
Final Aura,Varodurumon,50
Final Aura,Ophanimon,50
Final Aura,Mastemon,50
Final Aura,MarineAngemon,65
Final Aura,MirageGaogamon BM,65
Final Aura,Rosemon,50
Final Aura,Alphamon Ouryuken,35
Final Aura,Sistermon C (Awake.),90
Venom Infusion,VenomMyotismon,1
Guard Break Field,VenomMyotismon,65
Guard Break Field,Gaiomon,50
Guard Break Field,SaberLeomon,65
Guard Break Field,Darkdramon,50
Guard Break Field,Titamon,50
Guard Break Field,Diaboromon,65
Guard Break Field,PlatinumNumemon,50
Guard Break Field,Brakedramon,35
Guard Break Field,Minervamon,50
Guard Break Field,Leviamon,50
Guard Break Field,Arcadiamon Ultra,65
Guard Break Field,Alphamon NX,40
Great Tornado,WarGreymon,1
Terra Force,WarGreymon,1
Eden's Javelin,Ophanimon,1
Will-O'-Wisp Slash,Gaiomon,1
Firedrake Strike,KaiserGreymon,1
Demonic Disaster,ChaosGallantmon,1
Judecca Prison,ChaosGallantmon,1
Mental Break Field,ChaosGallantmon,35
Mental Break Field,GranDracmon,65
Mental Break Field,Creepymon,50
Mental Break Field,Puppetmon,50
Mental Break Field,PlatinumNumemon,65
Mental Break Field,Belphemon SM,65
Mental Break Field,MetalEtemon,35
Mental Break Field,Rosemon BM,35
Mental Break Field,Armageddemon,80
Mental Break Field,Arcadiamon Ultra,50
Mental Break Field,Belphemon RM,65
Mental Break Field,Lucemon SM,35
Destroyed Hook,Chaosdramon,1
Hyper Infinity Cannon,Chaosdramon,1
Thunder Fall III,Chaosdramon,80
Thunder Fall III,GroundLocomon,80
Thunder Fall III,Goldramon,80
Thunder Fall III,Darkdramon,80
Thunder Fall III,TigerVespamon,80
Thunder Fall III,HiAndromon,80
Thunder Fall III,Brakedramon,65
Thunder Fall III,Boltmon,80
Thunder Fall III,MagnaGarurumon,80
Thunder Fall III,MagnaGarurumon (SV),80
Thunder Fall III,Machinedramon,80
Thunder Fall III,MetalGarurumon (Blk),80
Thunder Fall III,RustTyranomon,80
Thunder Fall III,Crusadermon NX,70
Quake!Blast!Fire!Father!,Gankoomon,1
Table Flip,Gankoomon,1
Monkey Wrench,KingEtemon,1
Taizoukai Mandala,Kuzuhamon,1
Status Barrier,Kuzuhamon,50
Status Barrier,Kerpymon (Blk),80
Status Barrier,Sakuyamon,80
Status Barrier,ShineGreymon BM,80
Status Barrier,Plesiomon,65
Status Barrier,Hououmon,35
Status Barrier,Ravemon BM,65
Status Barrier,Omnimon NX,55
Dimension Scissor,GranKuwagamon,1
Crystal Revolution,GranDracmon,1
Eye of the Gorgon,GranDracmon,1
Destruction Crush,GroundLocomon,1
Guard Charge Field,GroundLocomon,50
Guard Charge Field,Craniamon,50
Guard Charge Field,Jesmon,20
Guard Charge Field,Gallantmon,50
Guard Charge Field,HiAndromon,65
Guard Charge Field,BlackWarGreymon,50
Guard Charge Field,RustTyranomon,50
Guard Charge Field,Magnamon,65
Supersonic Voice,Gryphonmon,1
Breath of the Gods,Craniamon,1
Waltz's End,Craniamon,1
Awesome Quake III,Craniamon,80
Awesome Quake III,Titamon,80
Awesome Quake III,Leopardmon,65
Awesome Quake III,Leopardmon LM,65
Awesome Quake III,BanchoLeomon,80
Awesome Quake III,Brakedramon,80
Awesome Quake III,MetalEtemon,80
Awesome Quake III,Magnamon,80
Awesome Quake III,Crusadermon NX,55
Lightning Spear,Kerpymon (Blk),1
Heaven's Judgment,Kerpymon (Good),1
God Flame,Goldramon,1
Howling Crusher,SaberLeomon,1
Amethyst Mandala,Sakuyamon,1
Restore,Sakuyamon,20
Restore,Kentaurosmon,65
Restore,Dianamon,65
Restore,Imperialdramon PM,65
Restore,Gallantmon CM,65
Judgement of the Blade,Jesmon,1
Weltgeist,Jesmon,1
GeoGrey Sword,ShineGreymon,1
Chain Max,ShineGreymon,65
Chain Max,Justimon,80
Chain Max,MegaGargomon,80
Chain Max,MagnaGarurumon,65
Chain Max,MagnaGarurumon (SV),65
Chain Max,Mastemon,65
Chain Max,Alphamon Ouryuken,50
Chain Max,Omnimon,65
Chain Max,Susanomon,65
Chain Max,Alphamon NX,90
Final Shining Burst,ShineGreymon BM,1
Justice Kick,Justimon,1
Bifrost,Kentaurosmon,1
Odin's Breath,Kentaurosmon,1
Divine Dragon Slash,Slayerdramon,1
Strike of the Seven Stars,Seraphimon,1
Burst Shot,MegaGargomon,1
Dark Roar,Darkdramon,1
Mach Stinger V,TigerVespamon,1
Soul Core Attack,Titamon,1
Shine of Bee,TyrantKabuterimon,1
Good Night Moon,Dianamon,1
Catastrophe Cannon,Diaboromon,1
Flame Inferno,Creepymon,1
Lightning Joust,Gallantmon,1
Lightning Joust,Gallantmon NX,1
Shield of the Just,Gallantmon,1
Shield of the Just,Gallantmon NX,1
Dragon's Roar,Dynasmon,1
Wyvern's Breath,Dynasmon,1
Zwei Glänze,Durandamon,1
Black Aura Blast,Leopardmon,1
Black Aura Blast,Leopardmon NX,1
Extinction Wave,Leopardmon,1
Extinction Wave,Leopardmon NX,1
Vulcan Crusher,Leopardmon LM,1
Brave Metal,Dorugoramon,1
Vortex Penetration,Neptunemon,1
Atomic Ray,HiAndromon,1
Volcanic Driver,PileVolcamon,1
Pandemonium Lost,Barbamon,1
Flashy Boss Punch,BanchoLeomon,1
Trump Sword,Piedmon,1
Puppet Pummel,Puppetmon,1
Rune Forest III,Puppetmon,80
Rune Forest III,HerculesKabuterimon,80
Rune Forest III,Rosemon,80
Rune Forest III,Lotosmon,80
Platinum Junk,PlatinumNumemon,1
Black Tornado,BlackWarGreymon,1
Dark Terra Force,BlackWarGreymon,1
Smile Warhead,PrinceMamemon,1
Destroyed Rush,Brakedramon,1
Sorrow Blue,Plesiomon,1
Giga Blaster,HerculesKabuterimon,1
Double Impact,Beelzemon,1
Corona Destroyer,Beelzemon BM,1
Eternal Nightmare,Belphemon SM,1
Starlight Explosion,Hououmon,1
Fire Tornado,Magnadramon,1
Tomahawk Stinger,Boltmon,1
Machinegun Destroyer,MagnaGarurumon,1
Starlight Velocity,MagnaGarurumon (SV),1
Chaos Degradation,Mastemon,1
Ocean Love,MarineAngemon,1
Strike Roll,Minervamon,1
Full Moon Blaster,MirageGaogamon,1
Full Moon Meteor Impact,MirageGaogamon BM,1
Infinity Cannon,Machinedramon,1
Megiddo Flame,Megidramon,1
Banana Slip,MetalEtemon,1
Freezing Breath,MetalGarurumon,1
Ice Wolf Claw,MetalGarurumon,1
Ice Wolf Claw,MetalGarurumon (Blk),1
Garuru Tomahawk,MetalGarurumon (Blk),1
River of Power,MetalSeadramon,1
Thousand Fists,Merukimon,1
Terrors Cluster,RustTyranomon,1
Biting Crush,Leviamon,1
Phantom Pain,Lilithmon,1
Celestial Blade,Ravemon,1
Celestial Blade,Susanomon,1
Mourning Dance,Ravemon BM,1
Fist of Athena,Crusadermon,1
Fist of Athena,Crusadermon NX,1
Spiral Masquerade,Crusadermon,1
Spiral Masquerade,Crusadermon NX,1
Thorn Whip,Rosemon,1
Aguichant Lèvres,Rosemon BM,1
Seven's Fantasia,Lotosmon,1
Black Rain,Armageddemon,1
Ultimate Flare,Armageddemon,1
God Matrix,Arcadiamon Ultra,1
Ultimate Ouryuken,Alphamon Ouryuken,1
Omni Sword,Imperialdramon PM,1
Dragonic Impact,Examon,1
Pendragon's Glory,Examon,1
Supreme Cannon,Omnimon,1
Supreme Cannon,Omnimon Zwart,1
Supreme Cannon,Omnimon NX,1
Transcendent Sword,Omnimon,1
Transcendent Sword,Omnimon Zwart,1
Transcendent Sword,Omnimon NX,1
Bantyo Blade,Chaosmon,1
Bantyo Blade,Chaosmon VA,1
Dark Prominence,Chaosmon,1
Aurora Blaster,Chaosmon VA,1
Heaven's Thunder,Susanomon,1
Quo Vadis,Gallantmon CM,1
Gift of Darkness,Belphemon RM,1
Divine Atonement,Lucemon SM,1
Flaming Fist,Flamedramon,1
Plasma Shot,Magnamon,1
S-Gold Solar Storm,Magnamon,1
Fiery Fastball,Shoutmon,1
Flame Cannon,OmniShoutmon,1
Hard Rock Spirit,OmniShoutmon,1
Katana Attack,Ryudamon,1
Metal Armor Blade,Ginryumon,1
Legendary Dragon Blade,Hisyaryumon,1
Eiseiryuoujin,Ouryumon,1
Darkness Zone,Apocalymon,1
Divine Pierce,Sistermon Blanc,1
Protect Wave,Sistermon Blanc,1
Divine Pierce (Awake),Sistermon B (Awake.),1
Protect Wave (Awake),Sistermon B (Awake.),1
Fury Fire,Sistermon Ciel,1
Silent Bullet,Sistermon Ciel,1
Fury Fire (Awake),Sistermon C (Awake.),1
Silent Bullet (Awake),Sistermon C (Awake.),1